domain,domainUtf8
3158064,000
3158065,001
3158066,002
3158067,003
3158068,004
3158069,005
3158070,006
3158071,007
3158072,008
3158073,009
3158320,010
3158321,011
3158322,012
3158323,013
3158324,014
3158325,015
3158326,016
3158327,017
3158328,018
3158329,019
3158576,020
3158577,021
3158578,022
3158579,023
3158580,024
3158581,025
3158582,026
3158583,027
3158584,028
3158585,029
3158832,030
3158833,031
3158834,032
3158835,033
3158836,034
3158837,035
3158838,036
3158839,037
3158840,038
3158841,039
3159088,040
3159089,041
3159090,042
3159091,043
3159092,044
3159093,045
3159094,046
3159095,047
3159096,048
3159097,049
3159344,050
3159345,051
3159346,052
3159347,053
3159348,054
3159349,055
3159350,056
3159351,057
3159352,058
3159353,059
3159600,060
3159601,061
3159602,062
3159603,063
3159604,064
3159605,065
3159606,066
3159607,067
3159608,068
3159609,069
3159856,070
3159857,071
3159858,072
3159859,073
3159860,074
3159861,075
3159862,076
3159863,077
3159864,078
3159865,079
3160112,080
3160113,081
3160114,082
3160115,083
3160116,084
3160117,085
3160118,086
3160119,087
3160120,088
3160121,089
3160368,090
3160369,091
3160370,092
3160371,093
3160372,094
3160373,095
3160374,096
3160375,097
3160376,098
3160377,099
3223600,100
3223601,101
3223602,102
3223603,103
3223604,104
3223605,105
3223606,106
3223607,107
3223608,108
3223609,109
3223856,110
3223857,111
3223858,112
3223859,113
3223860,114
3223861,115
3223862,116
3223863,117
3223864,118
3223865,119
3224112,120
3224113,121
3224114,122
3224115,123
3224116,124
3224117,125
3224118,126
3224119,127
3224120,128
3224121,129
3224368,130
3224369,131
3224370,132
3224371,133
3224372,134
3224373,135
3224374,136
3224375,137
3224376,138
3224377,139
3224624,140
3224625,141
3224626,142
3224627,143
3224628,144
3224629,145
3224630,146
3224631,147
3224632,148
3224633,149
3224880,150
3224881,151
3224882,152
3224883,153
3224884,154
3224885,155
3224886,156
3224887,157
3224888,158
3224889,159
3225136,160
3225137,161
3225138,162
3225139,163
3225140,164
3225141,165
3225142,166
3225143,167
3225144,168
3225145,169
3225392,170
3225393,171
3225394,172
3225395,173
3225396,174
3225397,175
3225398,176
3225399,177
3225400,178
3225401,179
3225648,180
3225649,181
3225650,182
3225651,183
3225652,184
3225653,185
3225654,186
3225655,187
3225656,188
3225657,189
3225904,190
3225905,191
3225906,192
3225907,193
3225908,194
3225909,195
3225910,196
3225911,197
3225912,198
3225913,199
3289136,200
3289137,201
3289138,202
3289139,203
3289140,204
3289141,205
3289142,206
3289143,207
3289144,208
3289145,209
3289392,210
3289393,211
3289394,212
3289395,213
3289396,214
3289397,215
3289398,216
3289399,217
3289400,218
3289401,219
3289648,220
3289649,221
3289650,222
3289651,223
3289652,224
3289653,225
3289654,226
3289655,227
3289656,228
3289657,229
3289904,230
3289905,231
3289906,232
3289907,233
3289908,234
3289909,235
3289910,236
3289911,237
3289912,238
3289913,239
3290160,240
3290161,241
3290162,242
3290163,243
3290164,244
3290165,245
3290166,246
3290167,247
3290168,248
3290169,249
3290416,250
3290417,251
3290418,252
3290419,253
3290420,254
3290421,255
3290422,256
3290423,257
3290424,258
3290425,259
3290672,260
3290673,261
3290674,262
3290675,263
3290676,264
3290677,265
3290678,266
3290679,267
3290680,268
3290681,269
3290928,270
3290929,271
3290930,272
3290931,273
3290932,274
3290933,275
3290934,276
3290935,277
3290936,278
3290937,279
3291184,280
3291185,281
3291186,282
3291187,283
3291188,284
3291189,285
3291190,286
3291191,287
3291192,288
3291193,289
3291440,290
3291441,291
3291442,292
3291443,293
3291444,294
3291445,295
3291446,296
3291447,297
3291448,298
3291449,299
3354672,300
3354673,301
3354674,302
3354675,303
3354676,304
3354677,305
3354678,306
3354679,307
3354680,308
3354681,309
3354928,310
3354929,311
3354930,312
3354931,313
3354932,314
3354933,315
3354934,316
3354935,317
3354936,318
3354937,319
3355184,320
3355185,321
3355186,322
3355187,323
3355188,324
3355189,325
3355190,326
3355191,327
3355192,328
3355193,329
3355440,330
3355441,331
3355442,332
3355443,333
3355444,334
3355445,335
3355446,336
3355447,337
3355448,338
3355449,339
3355696,340
3355697,341
3355698,342
3355699,343
3355700,344
3355701,345
3355702,346
3355703,347
3355704,348
3355705,349
3355952,350
3355953,351
3355954,352
3355955,353
3355956,354
3355957,355
3355958,356
3355959,357
3355960,358
3355961,359
3356208,360
3356209,361
3356210,362
3356211,363
3356212,364
3356213,365
3356214,366
3356215,367
3356216,368
3356217,369
3356464,370
3356465,371
3356466,372
3356467,373
3356468,374
3356469,375
3356470,376
3356471,377
3356472,378
3356473,379
3356720,380
3356721,381
3356722,382
3356723,383
3356724,384
3356725,385
3356726,386
3356727,387
3356728,388
3356729,389
3356976,390
3356977,391
3356978,392
3356979,393
3356980,394
3356981,395
3356982,396
3356983,397
3356984,398
3356985,399
3420208,400
3420209,401
3420210,402
3420211,403
3420212,404
3420213,405
3420214,406
3420215,407
3420216,408
3420217,409
3420464,410
3420465,411
3420466,412
3420467,413
3420468,414
3420469,415
3420470,416
3420471,417
3420472,418
3420473,419
3420720,420
3420721,421
3420722,422
3420723,423
3420724,424
3420725,425
3420726,426
3420727,427
3420728,428
3420729,429
3420976,430
3420977,431
3420978,432
3420979,433
3420980,434
3420981,435
3420982,436
3420983,437
3420984,438
3420985,439
3421232,440
3421233,441
3421234,442
3421235,443
3421236,444
3421237,445
3421238,446
3421239,447
3421240,448
3421241,449
3421488,450
3421489,451
3421490,452
3421491,453
3421492,454
3421493,455
3421494,456
3421495,457
3421496,458
3421497,459
3421744,460
3421745,461
3421746,462
3421747,463
3421748,464
3421749,465
3421750,466
3421751,467
3421752,468
3421753,469
3422000,470
3422001,471
3422002,472
3422003,473
3422004,474
3422005,475
3422006,476
3422007,477
3422008,478
3422009,479
3422256,480
3422257,481
3422258,482
3422259,483
3422260,484
3422261,485
3422262,486
3422263,487
3422264,488
3422265,489
3422512,490
3422513,491
3422514,492
3422515,493
3422516,494
3422517,495
3422518,496
3422519,497
3422520,498
3422521,499
3485744,500
3485745,501
3485746,502
3485747,503
3485748,504
3485749,505
3485750,506
3485751,507
3485752,508
3485753,509
3486000,510
3486001,511
3486002,512
3486003,513
3486004,514
3486005,515
3486006,516
3486007,517
3486008,518
3486009,519
3486256,520
3486257,521
3486258,522
3486259,523
3486260,524
3486261,525
3486262,526
3486263,527
3486264,528
3486265,529
3486512,530
3486513,531
3486514,532
3486515,533
3486516,534
3486517,535
3486518,536
3486519,537
3486520,538
3486521,539
3486768,540
3486769,541
3486770,542
3486771,543
3486772,544
3486773,545
3486774,546
3486775,547
3486776,548
3486777,549
3487024,550
3487025,551
3487026,552
3487027,553
3487028,554
3487029,555
3487030,556
3487031,557
3487032,558
3487033,559
3487280,560
3487281,561
3487282,562
3487283,563
3487284,564
3487285,565
3487286,566
3487287,567
3487288,568
3487289,569
3487536,570
3487537,571
3487538,572
3487539,573
3487540,574
3487541,575
3487542,576
3487543,577
3487544,578
3487545,579
3487792,580
3487793,581
3487794,582
3487795,583
3487796,584
3487797,585
3487798,586
3487799,587
3487800,588
3487801,589
3488048,590
3488049,591
3488050,592
3488051,593
3488052,594
3488053,595
3488054,596
3488055,597
3488056,598
3488057,599
3551280,600
3551281,601
3551282,602
3551283,603
3551284,604
3551285,605
3551286,606
3551287,607
3551288,608
3551289,609
3551536,610
3551537,611
3551538,612
3551539,613
3551540,614
3551541,615
3551542,616
3551543,617
3551544,618
3551545,619
3551792,620
3551793,621
3551794,622
3551795,623
3551796,624
3551797,625
3551798,626
3551799,627
3551800,628
3551801,629
3552048,630
3552049,631
3552050,632
3552051,633
3552052,634
3552053,635
3552054,636
3552055,637
3552056,638
3552057,639
3552304,640
3552305,641
3552306,642
3552307,643
3552308,644
3552309,645
3552310,646
3552311,647
3552312,648
3552313,649
3552560,650
3552561,651
3552562,652
3552563,653
3552564,654
3552565,655
3552566,656
3552567,657
3552568,658
3552569,659
3552816,660
3552817,661
3552818,662
3552819,663
3552820,664
3552821,665
3552822,666
3552823,667
3552824,668
3552825,669
3553072,670
3553073,671
3553074,672
3553075,673
3553076,674
3553077,675
3553078,676
3553079,677
3553080,678
3553081,679
3553328,680
3553329,681
3553330,682
3553331,683
3553332,684
3553333,685
3553334,686
3553335,687
3553336,688
3553337,689
3553584,690
3553585,691
3553586,692
3553587,693
3553588,694
3553589,695
3553590,696
3553591,697
3553592,698
3553593,699
3616816,700
3616817,701
3616818,702
3616819,703
3616820,704
3616821,705
3616822,706
3616823,707
3616824,708
3616825,709
3617072,710
3617073,711
3617074,712
3617075,713
3617076,714
3617077,715
3617078,716
3617079,717
3617080,718
3617081,719
3617328,720
3617329,721
3617330,722
3617331,723
3617332,724
3617333,725
3617334,726
3617335,727
3617336,728
3617337,729
3617584,730
3617585,731
3617586,732
3617587,733
3617588,734
3617589,735
3617590,736
3617591,737
3617592,738
3617593,739
3617840,740
3617841,741
3617842,742
3617843,743
3617844,744
3617845,745
3617846,746
3617847,747
3617848,748
3617849,749
3618096,750
3618097,751
3618098,752
3618099,753
3618100,754
3618101,755
3618102,756
3618103,757
3618104,758
3618105,759
3618352,760
3618353,761
3618354,762
3618355,763
3618356,764
3618357,765
3618358,766
3618359,767
3618360,768
3618361,769
3618608,770
3618609,771
3618610,772
3618611,773
3618612,774
3618613,775
3618614,776
3618615,777
3618616,778
3618617,779
3618864,780
3618865,781
3618866,782
3618867,783
3618868,784
3618869,785
3618870,786
3618871,787
3618872,788
3618873,789
3619120,790
3619121,791
3619122,792
3619123,793
3619124,794
3619125,795
3619126,796
3619127,797
3619128,798
3619129,799
3682352,800
3682353,801
3682354,802
3682355,803
3682356,804
3682357,805
3682358,806
3682359,807
3682360,808
3682361,809
3682608,810
3682609,811
3682610,812
3682611,813
3682612,814
3682613,815
3682614,816
3682615,817
3682616,818
3682617,819
3682864,820
3682865,821
3682866,822
3682867,823
3682868,824
3682869,825
3682870,826
3682871,827
3682872,828
3682873,829
3683120,830
3683121,831
3683122,832
3683123,833
3683124,834
3683125,835
3683126,836
3683127,837
3683128,838
3683129,839
3683376,840
3683377,841
3683378,842
3683379,843
3683380,844
3683381,845
3683382,846
3683383,847
3683384,848
3683385,849
3683632,850
3683633,851
3683634,852
3683635,853
3683636,854
3683637,855
3683638,856
3683639,857
3683640,858
3683641,859
3683888,860
3683889,861
3683890,862
3683891,863
3683892,864
3683893,865
3683894,866
3683895,867
3683896,868
3683897,869
3684144,870
3684145,871
3684146,872
3684147,873
3684148,874
3684149,875
3684150,876
3684151,877
3684152,878
3684153,879
3684400,880
3684401,881
3684402,882
3684403,883
3684404,884
3684405,885
3684406,886
3684407,887
3684408,888
3684409,889
3684656,890
3684657,891
3684658,892
3684659,893
3684660,894
3684661,895
3684662,896
3684663,897
3684664,898
3684665,899
3747888,900
3747889,901
3747890,902
3747891,903
3747892,904
3747893,905
3747894,906
3747895,907
3747896,908
3747897,909
3748144,910
3748145,911
3748146,912
3748147,913
3748148,914
3748149,915
3748150,916
3748151,917
3748152,918
3748153,919
3748400,920
3748401,921
3748402,922
3748403,923
3748404,924
3748405,925
3748406,926
3748407,927
3748408,928
3748409,929
3748656,930
3748657,931
3748658,932
3748659,933
3748660,934
3748661,935
3748662,936
3748663,937
3748664,938
3748665,939
3748912,940
3748913,941
3748914,942
3748915,943
3748916,944
3748917,945
3748918,946
3748919,947
3748920,948
3748921,949
3749168,950
3749169,951
3749170,952
3749171,953
3749172,954
3749173,955
3749174,956
3749175,957
3749176,958
3749177,959
3749424,960
3749425,961
3749426,962
3749427,963
3749428,964
3749429,965
3749430,966
3749431,967
3749432,968
3749433,969
3749680,970
3749681,971
3749682,972
3749683,973
3749684,974
3749685,975
3749686,976
3749687,977
3749688,978
3749689,979
3749936,980
3749937,981
3749938,982
3749939,983
3749940,984
3749941,985
3749942,986
3749943,987
3749944,988
3749945,989
3750192,990
3750193,991
3750194,992
3750195,993
3750196,994
3750197,995
3750198,996
3750199,997
3750200,998
3750201,999
